﻿Code,License Type,Indicator Name,Long definition,Source,Topic,Periodicity,Aggregation method,Statistical concept and methodology,Development relevance,Limitations and exceptions,General comments,Notes from original source
SP.POP.TOTL,CC BY-4.0,"Population, total","Total population is based on the de facto definition of population, which counts all residents regardless of legal status or citizenship. The values shown are midyear estimates.","(1) United Nations Population Division. World Population Prospects: 2019 Revision. (2) Census reports and other statistical publications from national statistical offices, (3) Eurostat: Demographic Statistics, (4) United Nations Statistical Division. Population and Vital Statistics Reprot (various years), (5) U.S. Census Bureau: International Database, and (6) Secretariat of the Pacific Community: Statistics and Demography Programme.",Health: Population: Structure,Annual,Sum,"Population estimates are usually based on national population censuses. Estimates for the years before and after the census are interpolations or extrapolations based on demographic models.

Errors and undercounting occur even in high-income countries.  In developing countries errors may be substantial because of limits in the transport, communications, and other resources required to conduct and analyze a full census.

The quality and reliability of official demographic data are also affected by public trust in the government, government commitment to full and accurate enumeration, confidentiality and protection against misuse of census data, and census agencies' independence from political influence. Moreover, comparability of population indicators is limited by differences in the concepts, definitions, collection procedures, and estimation methods used by national statistical agencies and other organizations that collect the data.

The currentness of a census and the availability of complementary data from surveys or registration systems are objective ways to judge demographic data quality. Some European countries' registration systems offer complete information on population in the absence of a census.

The United Nations Statistics Division monitors the completeness of vital registration systems. Some developing countries have made progress over the last 60 years, but others still have deficiencies in civil registration systems.

International migration is the only other factor besides birth and death rates that directly determines a country's population growth. Estimating migration is difficult. At any time many people are located outside their home country as tourists, workers, or refugees or for other reasons. Standards for the duration and purpose of international moves that qualify as migration vary, and estimates require information on flows into and out of countries that is difficult to collect.

Population projections, starting from a base year are projected forward using assumptions of mortality, fertility, and migration by age and sex through 2050, based on the UN Population Division's World Population Prospects database medium variant.","Increases in human population, whether as a result of immigration or more births than deaths, can impact natural resources and social infrastructure.  This can place pressure on a country's sustainability.  A significant growth in population will negatively impact the availability of land for agricultural production, and will aggravate demand for food, energy, water, social services, and infrastructure. On the other hand, decreasing population size - a result of fewer births than deaths, and people moving out of a country - can impact a government's commitment to maintain services and infrastructure.","Current population estimates for developing countries that lack (i) reliable recent census data, and (ii) pre- and post-census estimates for countries with census data, are provided by the United Nations Population Division and other agencies. 

The cohort component method - a standard method for estimating and projecting population - requires fertility, mortality, and net migration data, often collected from sample surveys, which can be small or limited in coverage. Population estimates are from demographic modeling and so are susceptible to biases and errors from shortcomings in both the model and the data. In the UN estimates the five-year age group is the cohort unit and five-year period data are used; therefore interpolations to obtain annual data or single age structure may not reflect actual events or age composition.

Because future trends cannot be known with certainty, population projections have a wide range of uncertainty.",Relevance to gender indicator: disaggregating the population composition by gender will help a country in projecting its demand for social services on a gender basis.,
SP.POP.TOTL.MA.IN,CC BY-4.0,"Population, male","Male population is based on the de facto definition of population, which counts all male residents regardless of legal status or citizenship.",World Bank staff estimates using the World Bank's total population and age/sex distributions of the United Nations Population Division's World Population Prospects: 2019 Revision.,Health: Population: Structure,Annual,Sum,,,,,
SP.POP.TOTL.FE.IN,CC BY-4.0,"Population, female","Female population is based on the de facto definition of population, which counts all female residents regardless of legal status or citizenship.",World Bank staff estimates using the World Bank's total population and age/sex distributions of the United Nations Population Division's World Population Prospects: 2019 Revision.,Health: Population: Structure,Annual,Sum,,,,,
SH.MED.BEDS.ZS,CC BY-4.0,"Hospital beds (per 1,000 people)","Hospital beds include inpatient beds available in public, private, general, and specialized hospitals and rehabilitation centers. In most cases beds for both acute and chronic care are included.","Data are from the World Health Organization, supplemented by country data.",Health: Health systems,Annual,Weighted average,"Health systems - the combined arrangements of institutions and actions whose primary purpose is to promote, restore, or maintain health (World Health Organization, World Health Report 2000) - are increasingly being recognized as key to combating disease and improving the health status of populations. The World Bank's Healthy Development: Strategy for Health, Nutrition, and Population Results emphasizes the need to strengthen health systems, which are weak in many countries, in order to increase the effectiveness of programs aimed at reducing specific diseases and further reduce morbidity and mortality. To evaluate health systems, the World Health Organization (WHO) has recommended that key components - such as financing, service delivery, workforce, governance, and information - be monitored using several key indicators. The data are a subset of the key indicators. Monitoring health systems allows the effectiveness, efficiency, and equity of different health system models to be compared. Health system data also help identify weaknesses and strengths and areas that need investment, such as additional health facilities, better health information systems, or better trained human resources.

Availability and use of health services, such as hospital beds per 1,000 people, reflect both demand- and supply-side factors. In the absence of a consistent definition this is a crude indicator of the extent of physical, financial, and other barriers to health care.",,"Depending on the source and means of monitoring, data may not be exactly comparable across countries. For more information, see the original source.",,"Depending on the source and means of monitoring, data may not be exactly comparable across countries. See listed source for country-specific details."
SH.MED.PHYS.ZS,CC BY-4.0,"Physicians (per 1,000 people)",Physicians include generalist and specialist medical practitioners.,"World Health Organization's Global Health Workforce Statistics, OECD, supplemented by country data.",Health: Health systems,Annual,Weighted average,"Health systems - the combined arrangements of institutions and actions whose primary purpose is to promote, restore, or maintain health (World Health Organization, World Health Report 2000) - are increasingly being recognized as key to combating disease and improving the health status of populations. The World Bank's Healthy Development: Strategy for Health, Nutrition, and Population Results emphasizes the need to strengthen health systems, which are weak in many countries, in order to increase the effectiveness of programs aimed at reducing specific diseases and further reduce morbidity and mortality. To evaluate health systems, the World Health Organization (WHO) has recommended that key components - such as financing, service delivery, workforce, governance, and information - be monitored using several key indicators. The data are a subset of the key indicators. Monitoring health systems allows the effectiveness, efficiency, and equity of different health system models to be compared. Health system data also help identify weaknesses and strengths and areas that need investment, such as additional health facilities, better health information systems, or better trained human resources.

Data on health worker (physicians, nurses and midwives, and community health workers) density show the availability of medical personnel.","The WHO estimates that at least 2.5 medical staff (physicians, nurses and midwives) per 1,000 people are needed to provide adequate coverage with primary care interventions (WHO, World Health Report 2006).","The WHO compiles data from household and labor force surveys, censuses, and administrative records. Data comparability is limited by differences in definitions and training of medical personnel varies. In addition, human resources tend to be concentrated in urban areas, so that average densities do not provide a full picture of health personnel available to the entire population.",,
